"url","status","message","technology","categories","versions","languages","hits"
"https://www.wappalyzer.com/","success","","Amazon Web Services","PaaS","","en","460532"
"https://www.wappalyzer.com/","success","","Amazon Cloudfront","CDN","","en","462100"
"https://www.wappalyzer.com/","success","","Amazon S3","Miscellaneous","","en","57946"
"https://www.wappalyzer.com/","success","","Nuxt.js","JavaScript frameworks","","en","32762"
"https://www.wappalyzer.com/","success","","Vue.js","JavaScript frameworks","","en","32906"
"https://www.wappalyzer.com/","success","","Node.js","Programming languages","","en","19908"
"https://www.wappalyzer.com/","success","","Stripe","Payment processors","3,true","en","291945"
"https://www.wappalyzer.com/","success","","Google Analytics","Analytics","UA,Universal Analytics","en","283851"
"https://www.wappalyzer.com/","success","","webpack","Miscellaneous","","en","12096"
"https://www.wappalyzer.com/","success","","Prism","Miscellaneous","","en","12018"
"https://www.wappalyzer.com/","success","","Swiftlet","Web frameworks","","","403650"
"https://www.wappalyzer.com/","success","","PHP","Programming languages","7.3.14,7.3.13,7.3.11","","403650"
"https://www.wappalyzer.com/","success","","Nginx","Web servers,Reverse proxies","1.12.2,1.14.0,1.14.1,1.10.3","","403610"
"https://www.wappalyzer.com/","success","","Snap.svg","JavaScript libraries","0.5.1","","144410"
"https://www.wappalyzer.com/","success","","HTTP/2","Miscellaneous","","","64267"
"https://www.wappalyzer.com/","success","","Ubuntu","Operating systems","","","124954"
"https://laravel.com/","success","","CloudFlare","CDN","","en,mt,fy,it","2569262"
"https://laravel.com/","success","","Google Analytics","Analytics","","en,mt,fy,it","2326686"
"https://laravel.com/","success","","PHP","Programming languages","7.3.11,4.4.1,7.2.22,7.3.2,7.1.13,7.2.14,7.2.11,7.0.12","en,mt,fy,it","1952406"
"https://laravel.com/","success","","Laravel","Web frameworks","","en,mt,fy,it","1952250"
"https://laravel.com/","success","","jQuery","JavaScript libraries","2.1.0,1.11.1,3.2.1,1.11.3,3.4.1,1.10.1,2.1.4,1.7.2,3.0.0,3.3.1,1.12.4","en,mt,fy,it","1888216"
"https://laravel.com/","success","","Carbon Ads","Advertising","","en,mt,fy,it","1582717"
"https://laravel.com/","success","","Algolia","Search engines","","en,mt,fy,it","1108038"
"https://laravel.com/","success","","Prism","Miscellaneous","","en,mt,fy,it","1169411"
"https://laravel.com/","success","","BuySellAds","Advertising","","en,mt,fy,it","843320"
"https://laravel.com/","success","","HTTP/2","Miscellaneous","","en,mt,fy,it","226226"
"https://laravel.com/","success","","Cloudflare","CDN","","en,mt,fy,it","83208"
"https://laravel.com/","success","","YouTube","Video players","","en,mt,fy,it","94236"
"https://laravel.com/","success","","Algolia Realtime Search","","","","155237"
"https://craftcms.com/","success","","Google Analytics","Analytics","Universal Analytics","en-US","24538"
"https://craftcms.com/","success","","Apache","Web servers","","en-US","21056"
"https://craftcms.com/","success","","Prism","Miscellaneous","","en-US","17560"
"https://craftcms.com/","success","","Craft CMS","CMS","","en-US","6694"
"https://craftcms.com/","success","","Yii","Web frameworks","","en-US","6694"
"https://craftcms.com/","success","","PHP","Programming languages","","en-US","6695"
"https://craftcms.com/","success","","CloudFlare","CDN","","","2022"
"https://craftcms.com/","success","","Zendesk","CMS,Live chat,SaaS","","","1348"
"https://vuejs.org/","success","","Google Analytics","Analytics","UA,Universal Analytics","en,zh-CN,ja","579684"
"https://vuejs.org/","success","","Vue.js","JavaScript frameworks","2.6.11,2.6.10,2.5.17,2.6.8,2.5.13,2.5.22,2.5.16,2.6.2,2.5.15,2.6.9,2.6.6,2.6.7,2.5.21,2.5.1,2.4.0","en,zh-CN,ja","455362"
"https://vuejs.org/","success","","Carbon Ads","Advertising","","en,zh-CN,ja","360110"
"https://vuejs.org/","success","","Google Font API","Font scripts","","en,zh-CN,ja","334712"
"https://vuejs.org/","success","","Hexo","Static site generator","3.8.0","en,zh-CN,ja","333719"
"https://vuejs.org/","success","","Font Awesome","Font scripts","","en,zh-CN,ja","326462"
"https://vuejs.org/","success","","CloudFlare","CDN","","en,zh-CN,ja","335461"
"https://vuejs.org/","success","","Zepto","JavaScript libraries","","en,zh-CN,ja","303362"
"https://vuejs.org/","success","","BuySellAds","Advertising","","en,zh-CN,ja","195784"
"https://vuejs.org/","success","","Netlify","PaaS,CDN","","en,zh-CN,ja","116720"
"https://reactjs.org/","success","","CloudFlare","CDN","","en,en-US","718854"
"https://reactjs.org/","success","","Google Analytics","Analytics","Universal Analytics,UA","en,en-US","610070"
"https://reactjs.org/","success","","Netlify","PaaS,CDN","","en,en-US","509646"
"https://reactjs.org/","success","","webpack","Miscellaneous","","en,en-US","470728"
"https://reactjs.org/","success","","React","JavaScript frameworks","16.13.1,16.13.0,16.12.0,16.8.6,16.9.0,16.7.0-alpha.0,16.10.2,16.10.0,16.8.3,16.8.2","en,en-US","467741"
"https://reactjs.org/","success","","Gatsby","Static site generator,JavaScript frameworks","2.19.42,2.0.21","en,en-US","337718"
"https://reactjs.org/","success","","HTTP/2","Miscellaneous","","en,en-US","35512"
"https://reactjs.org/","success","","Prism","Miscellaneous","","en,en-US","31646"
"https://reactjs.org/","success","","Cloudflare","CDN","","en,en-US","23842"
