[
{"url":"https://www.wappalyzer.com/","status":"success","technologies":[{"name":"Amazon Web Services","versions":[],"languages":["en"],"hits":460532,"categories":["PaaS"]},{"name":"Amazon Cloudfront","versions":[],"languages":["en"],"hits":462100,"categories":["CDN"]},{"name":"Amazon S3","versions":[],"languages":["en"],"hits":57946,"categories":["Miscellaneous"]},{"name":"Nuxt.js","versions":[],"languages":["en"],"hits":32762,"categories":["JavaScript frameworks"]},{"name":"Vue.js","versions":[],"languages":["en"],"hits":32906,"categories":["JavaScript frameworks"]},{"name":"Node.js","versions":[],"languages":["en"],"hits":19908,"categories":["Programming languages"]},{"name":"Stripe","versions":["3","true"],"languages":["en"],"hits":291945,"categories":["Payment processors"]},{"name":"Google Analytics","versions":["UA","Universal Analytics"],"languages":["en"],"hits":283851,"categories":["Analytics"]},{"name":"webpack","versions":[],"languages":["en"],"hits":12096,"categories":["Miscellaneous"]},{"name":"Prism","versions":[],"languages":["en"],"hits":12018,"categories":["Miscellaneous"]},{"name":"Swiftlet","versions":[],"languages":[],"hits":403650,"categories":["Web frameworks"]},{"name":"PHP","versions":["7.3.14","7.3.13","7.3.11"],"languages":[],"hits":403650,"categories":["Programming languages"]},{"name":"Nginx","versions":["1.12.2","1.14.0","1.14.1","1.10.3"],"languages":[],"hits":403610,"categories":["Web servers","Reverse proxies"]},{"name":"Snap.svg","versions":["0.5.1"],"languages":[],"hits":144410,"categories":["JavaScript libraries"]},{"name":"HTTP/2","versions":[],"languages":[],"hits":64267,"categories":["Miscellaneous"]},{"name":"Ubuntu","versions":[],"languages":[],"hits":124954,"categories":["Operating systems"]}]},
{"url":"https://laravel.com/","status":"success","technologies":[{"name":"CloudFlare","versions":[],"languages":["en","mt","fy","it"],"hits":2569262,"categories":["CDN"]},{"name":"Google Analytics","versions":[],"languages":["en","mt","fy","it"],"hits":2326686,"categories":["Analytics"]},{"name":"PHP","versions":["7.3.11","4.4.1","7.2.22","7.3.2","7.1.13","7.2.14","7.2.11","7.0.12"],"languages":["en","mt","fy","it"],"hits":1952406,"categories":["Programming languages"]},{"name":"Laravel","versions":[],"languages":["en","mt","fy","it"],"hits":1952250,"categories":["Web frameworks"]},{"name":"jQuery","versions":["2.1.0","1.11.1","3.2.1","1.11.3","3.4.1","1.10.1","2.1.4","1.7.2","3.0.0","3.3.1","1.12.4"],"languages":["en","mt","fy","it"],"hits":1888216,"categories":["JavaScript libraries"]},{"name":"Carbon Ads","versions":[],"languages":["en","mt","fy","it"],"hits":1582717,"categories":["Advertising"]},{"name":"Algolia","versions":[],"languages":["en","mt","fy","it"],"hits":1108038,"categories":["Search engines"]},{"name":"Prism","versions":[],"languages":["en","mt","fy","it"],"hits":1169411,"categories":["Miscellaneous"]},{"name":"BuySellAds","versions":[],"languages":["en","mt","fy","it"],"hits":843320,"categories":["Advertising"]},{"name":"HTTP/2","versions":[],"languages":["en","mt","fy","it"],"hits":226226,"categories":["Miscellaneous"]},{"name":"Cloudflare","versions":[],"languages":["en","mt","fy","it"],"hits":83208,"categories":["CDN"]},{"name":"YouTube","versions":[],"languages":["en","mt","fy","it"],"hits":94236,"categories":["Video players"]},{"name":"Algolia Realtime Search","versions":[],"languages":[],"hits":155237,"categories":[]}]},
{"url":"https://craftcms.com/","status":"success","technologies":[{"name":"Google Analytics","versions":["Universal Analytics"],"languages":["en-US"],"hits":24538,"categories":["Analytics"]},{"name":"Apache","versions":[],"languages":["en-US"],"hits":21056,"categories":["Web servers"]},{"name":"Prism","versions":[],"languages":["en-US"],"hits":17560,"categories":["Miscellaneous"]},{"name":"Craft CMS","versions":[],"languages":["en-US"],"hits":6694,"categories":["CMS"]},{"name":"Yii","versions":[],"languages":["en-US"],"hits":6694,"categories":["Web frameworks"]},{"name":"PHP","versions":[],"languages":["en-US"],"hits":6695,"categories":["Programming languages"]},{"name":"CloudFlare","versions":[],"languages":[],"hits":2022,"categories":["CDN"]},{"name":"Zendesk","versions":[],"languages":[],"hits":1348,"categories":["CMS","Live chat","SaaS"]}]},
{"url":"https://vuejs.org/","status":"success","technologies":[{"name":"Google Analytics","versions":["UA","Universal Analytics"],"languages":["en","zh-CN","ja"],"hits":579684,"categories":["Analytics"]},{"name":"Vue.js","versions":["2.6.11","2.6.10","2.5.17","2.6.8","2.5.13","2.5.22","2.5.16","2.6.2","2.5.15","2.6.9","2.6.6","2.6.7","2.5.21","2.5.1","2.4.0"],"languages":["en","zh-CN","ja"],"hits":455362,"categories":["JavaScript frameworks"]},{"name":"Carbon Ads","versions":[],"languages":["en","zh-CN","ja"],"hits":360110,"categories":["Advertising"]},{"name":"Google Font API","versions":[],"languages":["en","zh-CN","ja"],"hits":334712,"categories":["Font scripts"]},{"name":"Hexo","versions":["3.8.0"],"languages":["en","zh-CN","ja"],"hits":333719,"categories":["Static site generator"]},{"name":"Font Awesome","versions":[],"languages":["en","zh-CN","ja"],"hits":326462,"categories":["Font scripts"]},{"name":"CloudFlare","versions":[],"languages":["en","zh-CN","ja"],"hits":335461,"categories":["CDN"]},{"name":"Zepto","versions":[],"languages":["en","zh-CN","ja"],"hits":303362,"categories":["JavaScript libraries"]},{"name":"BuySellAds","versions":[],"languages":["en","zh-CN","ja"],"hits":195784,"categories":["Advertising"]},{"name":"Netlify","versions":[],"languages":["en","zh-CN","ja"],"hits":116720,"categories":["PaaS","CDN"]}]},
{"url":"https://reactjs.org/","status":"success","technologies":[{"name":"CloudFlare","versions":[],"languages":["en","en-US"],"hits":718854,"categories":["CDN"]},{"name":"Google Analytics","versions":["Universal Analytics","UA"],"languages":["en","en-US"],"hits":610070,"categories":["Analytics"]},{"name":"Netlify","versions":[],"languages":["en","en-US"],"hits":509646,"categories":["PaaS","CDN"]},{"name":"webpack","versions":[],"languages":["en","en-US"],"hits":470728,"categories":["Miscellaneous"]},{"name":"React","versions":["16.13.1","16.13.0","16.12.0","16.8.6","16.9.0","16.7.0-alpha.0","16.10.2","16.10.0","16.8.3","16.8.2"],"languages":["en","en-US"],"hits":467741,"categories":["JavaScript frameworks"]},{"name":"Gatsby","versions":["2.19.42","2.0.21"],"languages":["en","en-US"],"hits":337718,"categories":["Static site generator","JavaScript frameworks"]},{"name":"HTTP/2","versions":[],"languages":["en","en-US"],"hits":35512,"categories":["Miscellaneous"]},{"name":"Prism","versions":[],"languages":["en","en-US"],"hits":31646,"categories":["Miscellaneous"]},{"name":"Cloudflare","versions":[],"languages":["en","en-US"],"hits":23842,"categories":["CDN"]}]},
{}
]
